index,label
0,tile-good
1,tile-good
2,tile-good
3,tile-good
4,tile-good
5,tile-good
6,tile-good
7,tile-good
8,tile-good
9,tile-good
10,tile-good
11,tile-good
12,tile-good
13,tile-good
14,tile-good
15,tile-good
16,tile-good
17,tile-good
18,tile-good
19,tile-good
20,tile-good
21,tile-good
22,tile-good
23,tile-good
24,tile-good
25,tile-good
26,tile-good
27,tile-good
28,tile-good
29,tile-good
30,tile-good
31,tile-good
32,tile-good
33,tile-good
34,tile-good
35,tile-good
36,tile-good
37,tile-good
38,tile-good
39,tile-good
40,tile-good
41,tile-good
42,tile-good
43,tile-good
44,tile-good
45,tile-good
46,tile-good
47,tile-good
48,tile-good
49,tile-good
50,tile-good
51,tile-good
52,tile-good
53,tile-good
54,tile-good
55,tile-good
56,tile-good
57,tile-good
58,tile-good
59,tile-good
60,tile-good
61,tile-good
62,tile-good
63,tile-good
64,tile-good
65,tile-good
66,tile-good
67,tile-good
68,tile-good
69,tile-good
70,tile-good
71,tile-good
72,tile-good
73,tile-good
74,tile-good
75,tile-good
76,tile-good
77,tile-good
78,tile-good
79,tile-good
80,tile-good
81,tile-good
82,tile-good
83,tile-good
84,tile-good
85,tile-good
86,tile-good
87,tile-good
88,tile-good
89,tile-good
90,tile-good
91,tile-good
92,tile-good
93,tile-good
94,tile-good
95,tile-good
96,tile-good
97,tile-good
98,tile-good
99,tile-good
100,tile-good
101,tile-good
102,tile-good
103,tile-good
104,tile-good
105,tile-good
106,tile-good
107,tile-good
108,tile-good
109,tile-good
110,tile-good
111,tile-good
112,tile-good
113,tile-good
114,tile-good
115,tile-good
116,tile-good
117,tile-good
118,tile-good
119,tile-good
120,tile-good
121,tile-good
122,tile-good
123,tile-good
124,tile-good
125,tile-good
126,tile-good
127,tile-good
128,tile-good
129,tile-good
130,tile-good
131,tile-good
132,tile-good
133,tile-good
134,tile-good
135,tile-good
136,tile-good
137,tile-good
138,tile-good
139,tile-good
140,tile-good
141,tile-good
142,tile-good
143,tile-good
144,tile-good
145,tile-good
146,tile-good
147,tile-good
148,tile-good
149,tile-good
150,tile-good
151,tile-good
152,tile-good
153,tile-good
154,tile-good
155,tile-good
156,tile-good
157,tile-good
158,tile-good
159,tile-good
160,tile-good
161,tile-good
162,tile-good
163,tile-good
164,tile-good
165,tile-good
166,tile-good
167,tile-good
168,tile-good
169,tile-good
170,tile-good
171,tile-good
172,tile-good
173,tile-good
174,tile-good
175,tile-good
176,tile-good
177,tile-good
178,tile-good
179,tile-good
180,tile-good
181,tile-good
182,tile-good
183,tile-good
184,tile-good
185,tile-good
186,tile-good
187,tile-good
188,tile-good
189,tile-good
190,tile-good
191,tile-good
192,tile-good
193,tile-good
194,tile-good
195,tile-good
196,tile-good
197,tile-good
198,tile-good
199,tile-good
200,tile-good
201,tile-good
202,tile-good
203,tile-good
204,tile-good
205,tile-good
206,tile-good
207,tile-good
208,tile-good
209,tile-good
210,tile-good
211,tile-good
212,tile-good
213,tile-good
214,tile-good
215,tile-good
216,tile-good
217,tile-good
218,tile-good
219,tile-good
220,tile-good
221,tile-good
222,tile-good
223,tile-good
224,tile-good
225,tile-good
226,tile-good
227,tile-good
228,tile-good
229,tile-good
230,tile-good
231,tile-good
232,tile-good
233,tile-good
234,tile-good
235,tile-good
236,tile-good
237,tile-good
238,tile-good
239,tile-good
240,tile-good
241,tile-good
242,tile-good
243,tile-good
244,tile-good
245,tile-good
246,tile-good
247,tile-good
248,tile-good
249,tile-good
250,tile-good
251,tile-good
252,tile-good
253,tile-good
254,tile-good
255,tile-good
256,tile-good
257,tile-good
258,tile-good
259,tile-good
260,tile-good
261,tile-good
262,tile-good
263,tile-good
264,tile-good
265,tile-good
266,tile-good
267,tile-good
268,tile-good
269,tile-good
270,tile-good
271,tile-good
272,tile-good
273,tile-good
274,tile-good
275,tile-good
276,tile-good
277,tile-good
278,tile-good
279,tile-good
280,tile-good
281,tile-good
282,tile-good
283,tile-good
284,tile-good
285,tile-good
286,tile-good
287,tile-good
288,tile-good
289,tile-good
290,tile-good
291,tile-good
292,tile-good
293,tile-good
294,tile-good
295,tile-good
296,tile-good
297,tile-good
298,tile-good
299,tile-good
300,tile-good
301,tile-good
302,tile-good
303,tile-good
304,tile-good
305,tile-good
306,tile-good
307,tile-good
308,tile-good
309,tile-good
310,tile-good
311,tile-good
312,tile-good
313,tile-good
314,tile-good
315,tile-good
316,tile-good
317,tile-good
318,tile-good
319,tile-good
320,tile-good
321,tile-good
322,tile-good
323,tile-good
324,tile-good
325,tile-good
326,tile-good
327,tile-good
328,tile-good
329,tile-good
330,tile-good
331,tile-good
332,tile-good
333,tile-good
334,tile-good
335,tile-good
336,tile-good
337,tile-good
338,tile-good
339,tile-good
340,tile-good
341,tile-good
342,tile-good
343,tile-good
344,tile-good
345,tile-good
346,tile-good
347,tile-good
348,tile-good
349,tile-good
350,tile-good
351,tile-good
352,tile-good
353,tile-good
354,tile-good
355,tile-good
356,tile-good
357,tile-good
358,tile-good
359,tile-good
360,tile-good
361,tile-good
362,tile-good
363,tile-good
364,tile-good
365,tile-good
366,tile-good
367,tile-good
368,tile-good
369,tile-good
370,tile-good
371,tile-good
372,tile-good
373,tile-good
374,tile-good
375,tile-good
376,tile-good
377,tile-good
378,tile-good
379,tile-good
380,tile-good
381,tile-good
382,tile-good
383,tile-good
384,tile-good
385,tile-good
386,tile-good
387,tile-good
388,tile-good
389,tile-good
390,tile-good
391,tile-good
392,tile-good
393,tile-good
394,tile-good
395,tile-good
396,tile-good
397,tile-good
398,tile-good
399,tile-good
400,tile-good
401,tile-good
402,tile-good
403,tile-good
404,tile-good
405,tile-good
406,tile-good
407,tile-good
408,tile-good
409,tile-good
410,tile-good
411,tile-good
412,tile-good
413,tile-good
414,tile-good
415,tile-good
416,tile-good
417,tile-good
418,tile-good
419,tile-good
420,tile-good
421,tile-good
422,tile-good
423,tile-good
424,tile-good
425,tile-good
426,tile-good
427,tile-good
428,tile-good
429,tile-good
430,tile-good
431,tile-good
432,tile-good
433,tile-good
434,tile-good
435,tile-good
436,tile-good
437,tile-good
438,tile-good
439,tile-good
440,tile-good
441,tile-good
442,tile-good
443,tile-good
444,tile-good
445,tile-good
446,tile-good
447,tile-good
448,tile-good
449,tile-good
450,tile-good
451,tile-good
452,tile-good
453,tile-good
454,tile-good
455,tile-good
456,tile-good
457,tile-good
458,tile-good
459,tile-good
460,tile-good
461,tile-good
462,tile-good
463,tile-good
464,tile-good
465,tile-good
466,tile-good
467,tile-good
468,tile-good
469,tile-good
470,tile-good
471,tile-good
472,tile-good
473,tile-good
474,tile-good
475,tile-good
476,tile-good
477,tile-good
478,tile-good
479,tile-good
480,tile-good
481,tile-good
482,tile-good
483,tile-good
484,tile-good
485,tile-good
486,tile-good
487,tile-good
488,tile-good
489,tile-good
490,tile-good
491,tile-good
492,tile-good
493,tile-good
494,tile-good
495,tile-good
496,tile-good
497,tile-good
498,tile-good
499,tile-good
500,tile-good
501,tile-good
502,tile-good
503,tile-good
504,tile-good
505,tile-good
506,tile-good
507,tile-good
508,tile-good
509,tile-good
510,tile-good
511,tile-good
512,tile-good
513,tile-good
514,tile-good
515,tile-good
516,tile-good
517,tile-good
518,tile-good
519,tile-good
520,tile-good
521,tile-good
522,tile-good
523,tile-good
524,tile-good
525,tile-good
526,tile-good
527,tile-good
528,tile-good
529,tile-good
530,tile-good
531,tile-good
532,tile-good
533,tile-good
534,tile-good
535,tile-good
536,tile-good
537,tile-good
538,tile-good
539,tile-good
540,tile-good
541,tile-good
542,tile-good
543,tile-good
544,tile-good
545,tile-good
546,tile-good
547,tile-good
548,tile-good
549,tile-good
550,tile-good
551,tile-good
552,tile-good
553,tile-good
554,tile-good
555,tile-good
556,tile-good
557,tile-good
558,tile-good
559,tile-good
560,tile-good
561,tile-good
562,tile-good
563,tile-good
564,tile-good
565,tile-good
566,tile-good
567,tile-good
568,tile-good
569,tile-good
570,tile-good
571,tile-good
572,tile-good
573,tile-good
574,tile-good
575,tile-good
576,tile-good
577,tile-good
578,tile-good
579,tile-good
580,tile-good
581,tile-good
582,tile-good
583,tile-good
584,tile-good
585,tile-good
586,tile-good
587,tile-good
588,tile-good
589,tile-good
590,tile-good
591,tile-good
592,tile-good
593,tile-good
594,tile-good
595,tile-good
596,tile-good
597,tile-good
598,tile-good
599,tile-good
600,tile-good
601,tile-good
602,tile-good
603,tile-good
604,tile-good
605,tile-good
606,tile-good
607,tile-good
608,tile-good
609,tile-good
610,tile-good
611,tile-good
612,tile-good
613,tile-good
614,tile-good
615,tile-good
616,tile-good
617,tile-good
618,tile-good
619,tile-good
620,tile-good
621,tile-good
622,tile-good
623,tile-good
624,tile-good
625,tile-good
626,tile-good
627,tile-good
628,tile-good
629,tile-good
630,tile-good
631,tile-good
632,tile-good
633,tile-good
634,tile-good
635,tile-good
636,tile-good
637,tile-good
638,tile-good
639,tile-good
640,tile-good
641,tile-good
642,tile-good
643,tile-good
644,tile-good
645,tile-good
646,tile-good
647,tile-good
648,tile-good
649,tile-good
650,tile-good
651,tile-good
652,tile-good
653,tile-good
654,tile-good
655,tile-good
656,tile-good
657,tile-good
658,tile-good
659,tile-good
660,tile-good
661,tile-good
662,tile-good
663,tile-good
664,tile-good
665,tile-good
666,tile-good
667,tile-good
668,tile-good
669,tile-good
670,tile-good
671,tile-good
672,tile-good
673,tile-good
674,tile-good
675,tile-good
676,tile-good
677,tile-good
678,tile-good
679,tile-good
680,tile-good
681,tile-good
682,tile-good
683,tile-good
684,tile-good
685,tile-good
686,tile-good
687,tile-good
688,tile-good
689,tile-good
690,tile-good
691,tile-good
692,tile-good
693,tile-good
694,tile-good
695,tile-good
696,tile-good
697,tile-good
698,tile-good
699,tile-good
700,tile-good
701,tile-good
702,tile-good
703,tile-good
704,tile-good
705,tile-good
706,tile-good
707,tile-good
708,tile-good
709,tile-good
710,tile-good
711,tile-good
712,tile-good
713,tile-good
714,tile-good
715,tile-good
716,tile-good
717,tile-good
718,tile-good
719,tile-good
720,tile-good
721,tile-good
722,tile-good
723,tile-good
724,tile-good
725,tile-good
726,tile-good
727,tile-good
728,tile-good
729,tile-good
730,tile-good
731,tile-good
732,tile-good
733,tile-good
734,tile-good
735,tile-good
736,tile-good
737,tile-good
738,tile-good
739,tile-good
740,tile-good
741,tile-good
742,tile-good
743,tile-good
744,tile-good
745,tile-good
746,tile-good
747,tile-good
748,tile-good
749,tile-good
750,tile-good
751,tile-good
752,tile-good
753,tile-good
754,tile-good
755,tile-good
756,tile-good
757,tile-good
758,tile-good
759,tile-good
760,tile-good
761,tile-good
762,tile-good
763,tile-good
764,tile-good
765,tile-good
766,tile-good
767,tile-good
768,tile-good
769,tile-good
770,tile-good
771,tile-good
772,tile-good
773,tile-good
774,tile-good
775,tile-good
776,tile-good
777,tile-good
778,tile-good
779,tile-good
780,tile-good
781,tile-good
782,tile-good
783,tile-good
784,tile-good
785,tile-good
786,tile-good
787,tile-good
788,tile-good
789,tile-good
790,tile-good
791,tile-good
792,tile-good
793,tile-good
794,tile-good
795,tile-good
796,tile-good
797,tile-good
798,tile-good
799,tile-good
800,tile-good
801,tile-good
802,tile-good
803,tile-good
804,tile-good
805,tile-good
806,tile-good
807,tile-good
808,tile-good
809,tile-good
810,tile-good
811,tile-good
812,tile-good
813,tile-good
814,tile-good
815,tile-good
816,tile-good
817,tile-good
818,tile-good
819,tile-good
820,tile-good
821,tile-good
822,tile-good
823,tile-good
824,tile-good
825,tile-good
826,tile-good
827,tile-good
828,tile-good
829,tile-good
830,tile-good
831,tile-good
832,tile-good
833,tile-good
834,tile-good
835,tile-good
836,tile-good
837,tile-good
838,tile-good
839,tile-good
840,tile-good
841,tile-good
842,tile-good
843,tile-good
844,tile-good
845,tile-good
846,tile-good
847,tile-good
848,tile-good
849,tile-good
850,tile-good
851,tile-good
852,tile-good
853,tile-good
854,tile-good
855,tile-good
856,tile-good
857,tile-good
858,tile-good
859,tile-good
860,tile-good
861,tile-good
862,tile-good
863,tile-good
864,tile-good
865,tile-good
866,tile-good
867,tile-good
868,tile-good
869,tile-good
870,tile-good
871,tile-good
872,tile-good
873,tile-good
874,tile-good
875,tile-good
876,tile-good
877,tile-good
878,tile-good
879,tile-good
880,tile-good
881,tile-good
882,tile-good
883,tile-good
884,tile-good
885,tile-good
886,tile-good
887,tile-good
888,tile-good
889,tile-good
890,tile-good
891,tile-good
892,tile-good
893,tile-good
894,tile-good
895,tile-good
896,tile-good
897,tile-good
898,tile-good
899,tile-good
900,tile-good
901,tile-good
902,tile-good
903,tile-good
904,tile-good
905,tile-good
906,tile-good
907,tile-good
908,tile-good
909,tile-good
910,tile-good
911,tile-good
912,tile-good
913,tile-good
914,tile-good
915,tile-good
916,tile-good
917,tile-good
918,tile-good
919,tile-good
920,tile-good
921,tile-good
922,tile-good
923,tile-good
924,tile-good
925,tile-good
926,tile-good
927,tile-good
928,tile-good
929,tile-good
930,tile-good
931,tile-good
932,tile-good
933,tile-good
934,tile-good
935,tile-good
936,tile-good
937,tile-good
938,tile-good
939,tile-good
940,tile-good
941,tile-good
942,tile-good
943,tile-good
944,tile-good
945,tile-good
946,tile-good
947,tile-good
948,tile-good
949,tile-good
950,tile-good
951,tile-good
952,tile-good
953,tile-good
954,tile-good
955,tile-good
956,tile-good
957,tile-good
958,tile-good
959,tile-good
960,tile-good
961,tile-good
962,tile-good
963,tile-good
964,tile-good
965,tile-good
966,tile-good
967,tile-good
968,tile-good
969,tile-good
970,tile-good
971,tile-good
972,tile-good
973,tile-good
974,tile-good
975,tile-good
976,tile-good
977,tile-good
978,tile-good
979,tile-good
980,tile-good
981,tile-good
982,tile-good
983,tile-good
984,tile-good
985,tile-good
986,tile-good
987,tile-good
988,tile-good
989,tile-good
990,tile-good
991,tile-good
992,tile-good
993,tile-good
994,tile-good
995,tile-good
996,tile-good
997,tile-good
998,tile-good
999,tile-good
1000,tile-good
1001,tile-good
1002,tile-good
1003,tile-good
1004,tile-good
1005,tile-good
1006,tile-good
1007,tile-good
1008,tile-good
1009,tile-good
1010,tile-good
1011,tile-good
1012,tile-good
1013,tile-good
1014,tile-good
1015,tile-good
1016,tile-good
1017,tile-good
1018,tile-good
1019,tile-good
1020,tile-good
1021,tile-good
1022,tile-good
1023,tile-good
1024,tile-good
1025,tile-good
1026,tile-good
1027,tile-good
1028,tile-good
1029,tile-good
1030,tile-good
1031,tile-good
1032,tile-good
1033,tile-good
1034,tile-good
1035,tile-good
1036,tile-good
1037,tile-good
1038,tile-good
1039,tile-good
1040,tile-good
1041,tile-good
1042,tile-good
1043,tile-good
1044,tile-good
1045,tile-good
1046,tile-good
1047,tile-good
1048,tile-good
1049,tile-good
1050,tile-good
1051,tile-good
1052,tile-good
1053,tile-good
1054,tile-good
1055,tile-good
1056,tile-good
1057,tile-good
1058,tile-good
1059,tile-good
1060,tile-good
1061,tile-good
1062,tile-good
1063,tile-good
1064,tile-good
1065,tile-good
1066,tile-good
1067,tile-good
1068,tile-good
1069,tile-good
1070,tile-good
1071,tile-good
1072,tile-good
1073,tile-good
1074,tile-good
1075,tile-good
1076,tile-good
1077,tile-good
1078,tile-good
1079,tile-good
1080,tile-good
1081,tile-good
1082,tile-good
1083,tile-good
1084,tile-good
1085,tile-good
1086,tile-good
1087,tile-good
1088,tile-good
1089,tile-good
1090,tile-good
1091,tile-good
1092,tile-good
1093,tile-good
1094,tile-good
1095,tile-good
1096,tile-good
1097,tile-good
1098,tile-good
1099,tile-good
1100,tile-good
1101,tile-good
1102,tile-good
1103,tile-good
1104,tile-good
1105,tile-good
1106,tile-good
1107,tile-good
1108,tile-good
1109,tile-good
1110,tile-good
1111,tile-good
1112,tile-good
1113,tile-good
1114,tile-good
1115,tile-good
1116,tile-good
1117,tile-good
1118,tile-good
1119,tile-good
1120,tile-good
1121,tile-good
1122,tile-good
1123,tile-good
1124,tile-good
1125,tile-good
1126,tile-good
1127,tile-good
1128,tile-good
1129,tile-good
1130,tile-good
1131,tile-good
1132,tile-good
1133,tile-good
1134,tile-good
1135,tile-good
1136,tile-good
1137,tile-good
1138,tile-good
1139,tile-good
1140,tile-good
1141,tile-good
1142,tile-good
1143,tile-good
1144,tile-good
1145,tile-good
1146,tile-good
1147,tile-good
1148,tile-good
1149,tile-good
1150,tile-good
1151,tile-good
1152,tile-good
1153,tile-good
1154,tile-good
1155,tile-good
1156,tile-good
1157,tile-good
1158,tile-good
1159,tile-good
1160,tile-good
1161,tile-good
1162,tile-good
1163,tile-good
1164,tile-good
1165,tile-good
1166,tile-good
1167,tile-good
1168,tile-good
1169,tile-good
1170,tile-good
1171,tile-good
1172,tile-good
1173,tile-good
1174,tile-good
1175,tile-good
1176,tile-good
1177,tile-good
1178,tile-good
1179,tile-good
1180,tile-good
1181,tile-good
1182,tile-good
1183,tile-good
1184,tile-good
1185,tile-good
1186,tile-good
1187,tile-good
1188,tile-good
1189,tile-good
1190,tile-good
1191,tile-good
1192,tile-good
1193,tile-good
1194,tile-good
1195,tile-good
1196,tile-good
1197,tile-good
1198,tile-good
1199,tile-good
1200,tile-good
1201,tile-good
1202,tile-good
1203,tile-good
1204,tile-good
1205,tile-good
1206,tile-good
1207,tile-good
1208,tile-good
1209,tile-good
1210,tile-good
1211,tile-good
1212,tile-good
1213,tile-good
1214,tile-good
1215,tile-good
1216,tile-good
1217,tile-good
1218,tile-good
1219,tile-good
1220,tile-good
1221,tile-good
1222,tile-good
1223,tile-good
1224,tile-good
1225,tile-good
1226,tile-good
1227,tile-good
1228,tile-good
1229,tile-good
1230,tile-good
1231,tile-good
1232,tile-good
1233,tile-good
1234,tile-good
1235,tile-good
1236,tile-good
1237,tile-good
1238,tile-good
1239,tile-good
1240,tile-good
1241,tile-good
1242,tile-good
1243,tile-good
1244,tile-good
1245,tile-good
1246,tile-good
1247,tile-good
1248,tile-good
1249,tile-good
1250,tile-good
1251,tile-good
1252,tile-good
1253,tile-good
1254,tile-good
1255,tile-good
1256,tile-good
1257,tile-good
1258,tile-good
1259,tile-good
1260,tile-good
1261,tile-good
1262,tile-good
1263,tile-good
1264,tile-good
1265,tile-good
1266,tile-good
1267,tile-good
1268,tile-good
1269,tile-good
1270,tile-good
1271,tile-good
1272,tile-good
1273,tile-good
1274,tile-good
1275,tile-good
1276,tile-good
1277,tile-good
1278,tile-good
1279,tile-good
1280,tile-good
1281,tile-good
1282,tile-good
1283,tile-good
1284,tile-good
1285,tile-good
1286,tile-good
1287,tile-good
1288,tile-good
1289,tile-good
1290,tile-good
1291,tile-good
1292,tile-good
1293,tile-good
1294,tile-good
1295,tile-good
1296,tile-good
1297,tile-good
1298,tile-good
1299,tile-good
1300,tile-good
1301,tile-good
1302,tile-good
1303,tile-good
1304,tile-good
1305,tile-good
1306,tile-good
1307,tile-good
1308,tile-good
1309,tile-good
1310,tile-good
1311,tile-good
1312,tile-good
1313,tile-good
1314,tile-good
1315,tile-good
1316,tile-good
1317,tile-good
1318,tile-good
1319,tile-good
1320,tile-good
1321,tile-good
1322,tile-good
1323,tile-good
1324,tile-good
1325,tile-good
1326,tile-good
1327,tile-good
1328,tile-good
1329,tile-good
1330,tile-good
1331,tile-good
1332,tile-good
1333,tile-good
1334,tile-good
1335,tile-good
1336,tile-good
1337,tile-good
1338,tile-good
1339,tile-good
1340,tile-good
1341,tile-good
1342,tile-good
1343,tile-good
1344,tile-good
1345,tile-good
1346,tile-good
1347,tile-good
1348,tile-good
1349,tile-good
1350,tile-good
1351,tile-good
1352,tile-good
1353,tile-good
1354,tile-good
1355,tile-good
1356,tile-good
1357,tile-good
1358,tile-good
1359,tile-good
1360,tile-good
1361,tile-good
1362,tile-good
1363,tile-good
1364,tile-good
1365,tile-good
1366,tile-good
1367,tile-good
1368,tile-good
1369,tile-good
1370,tile-good
1371,tile-good
1372,tile-good
1373,tile-good
1374,tile-good
1375,tile-good
1376,tile-good
1377,tile-good
1378,tile-good
1379,tile-good
1380,tile-good
1381,tile-good
1382,tile-good
1383,tile-good
1384,tile-good
1385,tile-good
1386,tile-good
1387,tile-good
1388,tile-good
1389,tile-good
1390,tile-good
1391,tile-good
1392,tile-good
1393,tile-good
1394,tile-good
1395,tile-good
1396,tile-good
1397,tile-good
1398,tile-good
1399,tile-good
1400,tile-good
1401,tile-good
1402,tile-good
1403,tile-good
1404,tile-good
1405,tile-good
1406,tile-good
1407,tile-good
1408,tile-good
1409,tile-good
1410,tile-good
1411,tile-good
1412,tile-good
1413,tile-good
1414,tile-good
1415,tile-good
1416,tile-good
1417,tile-good
1418,tile-good
1419,tile-good
1420,tile-good
1421,tile-good
1422,tile-good
1423,tile-good
1424,tile-good
1425,tile-good
1426,tile-good
1427,tile-good
1428,tile-good
1429,tile-good
1430,tile-good
1431,tile-good
1432,tile-good
1433,tile-good
1434,tile-good
1435,tile-good
1436,tile-good
1437,tile-good
1438,tile-good
1439,tile-good
1440,tile-good
1441,tile-good
1442,tile-good
1443,tile-good
1444,tile-good
1445,tile-good
1446,tile-good
1447,tile-good
1448,tile-good
1449,tile-good
1450,tile-good
1451,tile-good
1452,tile-good
1453,tile-good
1454,tile-good
1455,tile-good
1456,tile-good
1457,tile-good
1458,tile-good
1459,tile-good
1460,tile-good
1461,tile-good
1462,tile-good
1463,tile-good
1464,tile-good
1465,tile-good
1466,tile-good
1467,tile-good
1468,tile-good
1469,tile-good
1470,tile-good
1471,tile-good
1472,tile-good
1473,tile-good
1474,tile-good
1475,tile-good
1476,tile-good
1477,tile-good
1478,tile-good
1479,tile-good
1480,tile-good
1481,tile-good
1482,tile-good
1483,tile-good
1484,tile-good
1485,tile-good
1486,tile-good
1487,tile-good
1488,tile-good
1489,tile-good
1490,tile-good
1491,tile-good
1492,tile-good
1493,tile-good
1494,tile-good
1495,tile-good
1496,tile-good
1497,tile-good
1498,tile-good
1499,tile-good
1500,tile-good
1501,tile-good
1502,tile-good
1503,tile-good
1504,tile-good
1505,tile-good
1506,tile-good
1507,tile-good
1508,tile-good
1509,tile-good
1510,tile-good
1511,tile-good
1512,tile-good
1513,tile-good
1514,tile-good
1515,tile-good
1516,tile-good
1517,tile-good
1518,tile-good
1519,tile-good
1520,tile-good
1521,tile-good
1522,tile-good
1523,tile-good
1524,tile-good
1525,tile-good
1526,tile-good
1527,tile-good
1528,tile-good
1529,tile-good
1530,tile-good
1531,tile-good
1532,tile-good
1533,tile-good
1534,tile-good
1535,tile-good
1536,tile-good
1537,tile-good
1538,tile-good
1539,tile-good
1540,tile-good
1541,tile-good
1542,tile-good
1543,tile-good
1544,tile-good
1545,tile-good
1546,tile-good
1547,tile-good
1548,tile-good
1549,tile-good
1550,tile-good
1551,tile-good
1552,tile-good
1553,tile-good
1554,tile-good
1555,tile-good
1556,tile-good
1557,tile-good
1558,tile-good
1559,tile-good
1560,tile-good
1561,tile-good
1562,tile-good
1563,tile-good
1564,tile-good
1565,tile-good
1566,tile-good
1567,tile-good
1568,tile-good
1569,tile-good
1570,tile-good
1571,tile-good
1572,tile-good
1573,tile-good
1574,tile-good
1575,tile-good
1576,tile-good
1577,tile-good
1578,tile-good
1579,tile-good
1580,tile-good
1581,tile-good
1582,tile-good
1583,tile-good
1584,tile-good
1585,tile-good
1586,tile-good
1587,tile-good
1588,tile-good
1589,tile-good
1590,tile-good
1591,tile-good
1592,tile-good
1593,tile-good
1594,tile-good
1595,tile-good
1596,tile-good
1597,tile-good
1598,tile-good
1599,tile-good
1600,tile-good
1601,tile-good
1602,tile-good
1603,tile-good
1604,tile-good
1605,tile-good
1606,tile-good
1607,tile-good
1608,tile-good
1609,tile-good
1610,tile-good
1611,tile-good
1612,tile-good
1613,tile-good
1614,tile-good
1615,tile-good
1616,tile-good
1617,tile-good
1618,tile-good
1619,tile-good
1620,tile-good
1621,tile-good
1622,tile-good
1623,tile-good
1624,tile-good
1625,tile-good
1626,tile-good
1627,tile-good
1628,tile-good
1629,tile-good
1630,tile-good
1631,tile-good
1632,tile-good
1633,tile-good
1634,tile-good
1635,tile-good
1636,tile-good
1637,tile-good
1638,tile-good
1639,tile-good
1640,tile-good
1641,tile-good
1642,tile-good
1643,tile-good
1644,tile-good
1645,tile-good
1646,tile-good
1647,tile-good
1648,tile-good
1649,tile-good
1650,tile-good
1651,tile-good
1652,tile-good
1653,tile-good
1654,tile-good
1655,tile-good
1656,tile-good
1657,tile-good
1658,tile-good
1659,tile-good
1660,tile-good
1661,tile-good
1662,tile-good
1663,tile-good
1664,tile-good
1665,tile-good
1666,tile-good
1667,tile-good
1668,tile-good
1669,tile-good
1670,tile-good
1671,tile-good
1672,tile-good
1673,tile-good
1674,tile-good
1675,tile-good
1676,tile-good
1677,tile-good
1678,tile-good
1679,tile-good
1680,tile-good
1681,tile-good
1682,tile-good
1683,tile-good
1684,tile-good
1685,tile-good
1686,tile-good
1687,tile-good
1688,tile-good
1689,tile-good
1690,tile-good
1691,tile-good
1692,tile-good
1693,tile-good
1694,tile-good
1695,tile-good
1696,tile-good
1697,tile-good
1698,tile-good
1699,tile-good
1700,tile-good
1701,tile-good
1702,tile-good
1703,tile-good
1704,tile-good
1705,tile-good
1706,tile-good
1707,tile-good
1708,tile-good
1709,tile-good
1710,tile-good
1711,tile-good
1712,tile-good
1713,tile-good
1714,tile-good
1715,tile-good
1716,tile-good
1717,tile-good
1718,tile-good
1719,tile-good
1720,tile-good
1721,tile-good
1722,tile-good
1723,tile-good
1724,tile-good
1725,tile-good
1726,tile-good
1727,tile-good
1728,tile-good
1729,tile-good
1730,tile-good
1731,tile-good
1732,tile-good
1733,tile-good
1734,tile-good
1735,tile-good
1736,tile-good
1737,tile-good
1738,tile-good
1739,tile-good
1740,tile-good
1741,tile-good
1742,tile-good
1743,tile-good
1744,tile-good
1745,tile-good
1746,tile-good
1747,tile-good
1748,tile-good
1749,tile-good
1750,tile-good
1751,tile-good
1752,tile-good
1753,tile-good
1754,tile-good
1755,tile-good
1756,tile-good
1757,tile-good
1758,tile-good
1759,tile-good
1760,tile-good
1761,tile-good
1762,tile-good
1763,tile-good
1764,tile-good
1765,tile-good
1766,tile-good
1767,tile-good
1768,tile-good
1769,tile-good
1770,tile-good
1771,tile-good
1772,tile-good
1773,tile-good
1774,tile-good
1775,tile-good
1776,tile-good
1777,tile-good
1778,tile-good
1779,tile-good
1780,tile-good
1781,tile-good
1782,tile-good
1783,tile-good
1784,tile-good
1785,tile-good
1786,tile-good
1787,tile-good
1788,tile-good
1789,tile-good
1790,tile-good
1791,tile-good
1792,tile-good
1793,tile-good
1794,tile-good
1795,tile-good
1796,tile-good
1797,tile-good
1798,tile-good
1799,tile-good
1800,tile-good
1801,tile-good
1802,tile-good
1803,tile-good
1804,tile-good
1805,tile-good
1806,tile-good
1807,tile-good
1808,tile-good
1809,tile-good
1810,tile-good
1811,tile-good
1812,tile-good
1813,tile-good
1814,tile-good
1815,tile-good
1816,tile-good
1817,tile-good
1818,tile-good
1819,tile-good
1820,tile-good
1821,tile-good
1822,tile-good
1823,tile-good
1824,tile-good
1825,tile-good
1826,tile-good
1827,tile-good
1828,tile-good
1829,tile-good
1830,tile-good
1831,tile-good
1832,tile-good
1833,tile-good
1834,tile-good
1835,tile-good
1836,tile-good
1837,tile-good
1838,tile-good
1839,tile-good
1840,tile-good
1841,tile-good
1842,tile-good
1843,tile-good
1844,tile-good
1845,tile-good
1846,tile-good
1847,tile-good
1848,tile-good
1849,tile-good
1850,tile-good
1851,tile-good
1852,tile-good
1853,tile-good
1854,tile-good
1855,tile-good
1856,tile-good
1857,tile-good
1858,tile-good
1859,tile-good
1860,tile-good
1861,tile-good
1862,tile-good
1863,tile-good
1864,tile-good
1865,tile-good
1866,tile-good
1867,tile-good
1868,tile-good
1869,tile-good
1870,tile-good
1871,tile-good
1872,tile-good
1873,tile-good
1874,tile-good
1875,tile-good
1876,tile-good
1877,tile-good
1878,tile-good
1879,tile-good
1880,tile-good
1881,tile-good
1882,tile-good
1883,tile-good
1884,tile-good
1885,tile-good
1886,tile-good
1887,tile-good
1888,tile-good
1889,tile-good
1890,tile-good
1891,tile-good
1892,tile-good
1893,tile-good
1894,tile-good
1895,tile-good
1896,tile-good
1897,tile-good
1898,tile-good
1899,tile-good
1900,tile-good
1901,tile-good
1902,tile-good
1903,tile-good
1904,tile-good
1905,tile-good
1906,tile-good
1907,tile-good
1908,tile-good
1909,tile-good
1910,tile-good
1911,tile-good
1912,tile-good
1913,tile-good
1914,tile-good
1915,tile-good
1916,tile-good
1917,tile-good
1918,tile-good
1919,tile-good
1920,tile-good
1921,tile-good
1922,tile-good
1923,tile-good
1924,tile-good
1925,tile-good
1926,tile-good
1927,tile-good
1928,tile-good
1929,tile-good
1930,tile-good
1931,tile-good
1932,tile-good
1933,tile-good
1934,tile-good
1935,tile-good
1936,tile-good
1937,tile-good
1938,tile-good
1939,tile-good
1940,tile-good
1941,tile-good
1942,tile-good
1943,tile-good
1944,tile-good
1945,tile-good
1946,tile-good
1947,tile-good
1948,tile-good
1949,tile-good
1950,tile-good
1951,tile-good
1952,tile-good
1953,tile-good
1954,tile-good
1955,tile-good
1956,tile-good
1957,tile-good
1958,tile-good
1959,tile-good
1960,tile-good
1961,tile-good
1962,tile-good
1963,tile-good
1964,tile-good
1965,tile-good
1966,tile-good
1967,tile-good
1968,tile-good
1969,tile-good
1970,tile-good
1971,tile-good
1972,tile-good
1973,tile-good
1974,tile-good
1975,tile-good
1976,tile-good
1977,tile-good
1978,tile-good
1979,tile-good
1980,tile-good
1981,tile-good
1982,tile-good
1983,tile-good
1984,tile-good
1985,tile-good
1986,tile-good
1987,tile-good
1988,tile-good
1989,tile-good
1990,tile-good
1991,tile-good
1992,tile-good
1993,tile-good
1994,tile-good
1995,tile-good
1996,tile-good
1997,tile-good
1998,tile-good
1999,tile-good
2000,tile-good
2001,tile-good
2002,tile-good
2003,tile-good
2004,tile-good
2005,tile-good
2006,tile-good
2007,tile-good
2008,tile-good
2009,tile-good
2010,tile-good
2011,tile-good
2012,tile-good
2013,tile-good
2014,tile-good
2015,tile-good
2016,tile-good
2017,tile-good
2018,tile-good
2019,tile-good
2020,tile-good
2021,tile-good
2022,tile-good
2023,tile-good
2024,tile-good
2025,tile-good
2026,tile-good
2027,tile-good
2028,tile-good
2029,tile-good
2030,tile-good
2031,tile-good
2032,tile-good
2033,tile-good
2034,tile-good
2035,tile-good
2036,tile-good
2037,tile-good
2038,tile-good
2039,tile-good
2040,tile-good
2041,tile-good
2042,tile-good
2043,tile-good
2044,tile-good
2045,tile-good
2046,tile-good
2047,tile-good
2048,tile-good
2049,tile-good
2050,tile-good
2051,tile-good
2052,tile-good
2053,tile-good
2054,tile-good
2055,tile-good
2056,tile-good
2057,tile-good
2058,tile-good
2059,tile-good
2060,tile-good
2061,tile-good
2062,tile-good
2063,tile-good
2064,tile-good
2065,tile-good
2066,tile-good
2067,tile-good
2068,tile-good
2069,tile-good
2070,tile-good
2071,tile-good
2072,tile-good
2073,tile-good
2074,tile-good
2075,tile-good
2076,tile-good
2077,tile-good
2078,tile-good
2079,tile-good
2080,tile-good
2081,tile-good
2082,tile-good
2083,tile-good
2084,tile-good
2085,tile-good
2086,tile-good
2087,tile-good
2088,tile-good
2089,tile-good
2090,tile-good
2091,tile-good
2092,tile-good
2093,tile-good
2094,tile-good
2095,tile-good
2096,tile-good
2097,tile-good
2098,tile-good
2099,tile-good
2100,tile-good
2101,tile-good
2102,tile-good
2103,tile-good
2104,tile-good
2105,tile-good
2106,tile-good
2107,tile-good
2108,tile-good
2109,tile-good
2110,tile-good
2111,tile-good
2112,tile-good
2113,tile-good
2114,tile-good
2115,tile-good
2116,tile-good
2117,tile-good
2118,tile-good
2119,tile-good
2120,tile-good
2121,tile-good
2122,tile-good
2123,tile-good
2124,tile-good
2125,tile-good
2126,tile-good
2127,tile-good
2128,tile-good
2129,tile-good
2130,tile-good
2131,tile-good
2132,tile-good
2133,tile-good
2134,tile-good
2135,tile-good
2136,tile-good
2137,tile-good
2138,tile-good
2139,tile-good
2140,tile-good
2141,tile-good
2142,tile-good
2143,tile-good
2144,tile-good
2145,tile-good
2146,tile-good
2147,tile-good
2148,tile-good
2149,tile-good
2150,tile-good
2151,tile-good
2152,tile-good
2153,tile-good
